{"result":{"data":{"metadata":{"status":{"code":"NO_RESULTS","message":"Cannot fly in the past."}},"canShowFreeCancel":false,"flightsTimes":{"fsm":6},"nonStopSuggestions":{"visible":false,"brandedVisible":false,"outboundDaysOfWeek":[],"inboundDaysOfWeek":[]},"customDimensionsTrackingInfo":{"Site":"BR","Passengers_Distribution":"1|0|0","Adults_Quantity":"1","Childs_Quantity":"0","Infants_Quantity":"0","Results_Shown":"0","Product":"FLIGHTS","Anticipation":"1","Results_Sorting":"TOTALFARE","UPA_TrackerID":"99da0bfe-2504-4689-9a0b-fe2504668902","CheckIn_Date":"2017-06-16","Origin_Country":"BR","Flights_Itinerary":"POA_RIO","Page_Flow":"SEARCH","CheckOut_Date":"2017-06-19","Origin_City":"POA","Flights_Route_Type":"ROUNDTRIP","Page_Title":"FLIGHTS/SEARCH/ROUNDTRIP/POA/RIO","Destination_Country":"BR","Stay_Days":"3","Destination_City":"RIO","Trip_Type":"DOMESTIC","Flights_Departure_Airport":"POA"},"discountsAvailable":false,"status":{"code":"NO_RESULTS","message":"Cannot fly in the past."},"promotionsCount":0,"hiddenFlightsCount":0},"htmlContent":{},"status":{"code":"NO_RESULTS","message":"Cannot fly in the past."}}}