{"result":{"data":{"metadata":{"status":{"code":"NO_RESULTS","message":"anticipation days for sale has reached."}},"canShowFreeCancel":false,"flightsTimes":{"fsm":4},"nonStopSuggestions":{"visible":false,"brandedVisible":false,"outboundDaysOfWeek":[],"inboundDaysOfWeek":[]},"customDimensionsTrackingInfo":{"Site":"BR","Passengers_Distribution":"1|0|0","Adults_Quantity":"1","Childs_Quantity":"0","Infants_Quantity":"0","Results_Shown":"0","Product":"FLIGHTS","Anticipation":"0","Results_Sorting":"TOTALFARE","UPA_TrackerID":"3553bb0a-5d71-4e82-93bb-0a5d71fe8265","CheckIn_Date":"2017-06-17","Origin_Country":"BR","Flights_Itinerary":"POA_RIO","Page_Flow":"SEARCH","CheckOut_Date":"2017-06-21","Origin_City":"POA","Flights_Route_Type":"ROUNDTRIP","Page_Title":"FLIGHTS/SEARCH/ROUNDTRIP/POA/RIO","Destination_Country":"BR","Stay_Days":"4","Destination_City":"RIO","Trip_Type":"DOMESTIC","Flights_Departure_Airport":"POA"},"discountsAvailable":false,"status":{"code":"NO_RESULTS","message":"anticipation days for sale has reached."},"hiddenFlightsCount":0,"promotionsCount":0},"htmlContent":{},"status":{"code":"NO_RESULTS","message":"anticipation days for sale has reached."}}}